<?xml version="1.0" encoding="UTF-8" standalone="yes"?>
<addon id="script.module.vsdbg" name="Visual Studio debug" version="0.2.1" provider-name="-=Vd=-">
    <extension point="xbmc.python.module" library="lib"/>
	  <extension point="xbmc.python.script" library="main.py">
		    <provides>executable</provides>
	  </extension>
    <extension point="xbmc.addon.metadata">
        <platform>all</platform>
        <language>en</language>
        <summary lang="en">Python tools for Visual Studio debug</summary>
    </extension>
</addon>
