﻿<?xml version="1.0" encoding="UTF-8"?>
<addon id="repository.commandos" version="1.0.0" name="Commandos repository" provider-name="Commandos">
<extension point="xbmc.addon.metadata">
  <summary lang="en">Commandos repository</summary>
  <description lang="en">Addon repository by Commandos repository</description>
  <platform>all</platform>
</extension>
<extension point="xbmc.addon.repository" name="Commandos repository">
  <info compressed="false">http://github.com/Commandos72/Linkomanija/raw/master/repo/addons.xml</info>
  <checksum>http://github.com/Commandos72/Linkomanija/raw/master/repo/addons.xml</checksum>
  <datadir zip="true">http://github.com/Commandos72/Linkomanija/raw/master/repo</datadir>
</extension>
</addon>
